{"cameraMode":{"drawMode":0,"name":"Shaded","section":"Shading Mode"},"sceneLighting":false,"audioPlay":false,"sceneViewState":{"m_AlwaysRefresh":false,"showFog":true,"showSkybox":false,"showFlares":true,"showImageEffects":true,"showParticleSystems":true,"showVisualEffectGraphs":true,"m_FxEnabled":true},"in2DMode":false,"pivot":{"x":-0.1400003433227539,"y":-0.20000004768371583,"z":-0.11999988555908203},"rotation":{"x":-0.17500008642673493,"y":-0.39459580183029177,"z":0.0768323466181755,"w":-0.8987305164337158},"size":5.308736801147461,"orthographic":false}